{
  "result": "success",
  "provider": "https://www.exchangerate-api.com",
  "documentation": "https://www.exchangerate-api.com/docs/free",
  "terms_of_use": "https://www.exchangerate-api.com/terms",
  "time_last_update_unix": 1707782551,
  "time_last_update_utc": "Tue, 13 Feb 2024 00:02:31 +0000",
  "time_next_update_unix": 1707869981,
  "time_next_update_utc": "Wed, 14 Feb 2024 00:19:41 +0000",
  "time_eol_unix": 0,
  "base_code": "SGD",
  "rates": {
    "SGD": 1,
    "AED": 2.7308,
    "AFN": 54.756908,
    "ALL": 71.657704,
    "AMD": 301.484429,
    "ANG": 1.33101,
    "AOA": 628.641365,
    "ARS": 618.101511,
    "AUD": 1.139213,
    "AWG": 1.33101,
    "AZN": 1.26425,
    "BAM": 1.349886,
    "BBD": 1.487162,
    "BDT": 81.61038,
    "BGN": 1.349936,
    "BHD": 0.279586,
    "BIF": 2118.564815,
    "BMD": 0.743581,
    "BND": 1,
    "BOB": 5.137419,
    "BRL": 3.684125,
    "BSD": 0.743581,
    "BTN": 61.717114,
    "BWP": 10.214758,
    "BYN": 2.415261,
    "BZD": 1.487162,
    "CAD": 1.000466,
    "CDF": 2042.901786,
    "CHF": 0.651202,
    "CLP": 721.201044,
    "CNY": 5.357962,
    "COP": 2904.989784,
    "CRC": 384.51466,
    "CUP": 17.845938,
    "CVE": 76.103345,
    "CZK": 17.417257,
    "DJF": 132.149917,
    "DKK": 5.147804,
    "DOP": 43.540584,
    "DZD": 99.919776,
    "EGP": 22.973746,
    "ERN": 11.153711,
    "ETB": 42.106183,
    "EUR": 0.690186,
    "FJD": 1.670195,
    "FKP": 0.588975,
    "FOK": 5.147737,
    "GBP": 0.588976,
    "GEL": 1.969329,
    "GGP": 0.588975,
    "GHS": 9.287593,
    "GIP": 0.588975,
    "GMD": 49.046915,
    "GNF": 6376.732343,
    "GTQ": 5.797598,
    "GYD": 155.543848,
    "HKD": 5.813944,
    "HNL": 18.325457,
    "HRK": 5.200205,
    "HTG": 97.905434,
    "HUF": 267.179896,
    "IDR": 11604.646335,
    "ILS": 2.727646,
    "IMP": 0.588975,
    "INR": 61.717122,
    "IQD": 973.638298,
    "IRR": 31668.152048,
    "ISK": 102.372215,
    "JEP": 0.588975,
    "JMD": 116.220848,
    "JOD": 0.527199,
    "JPY": 110.986021,
    "KES": 118.742676,
    "KGS": 66.443339,
    "KHR": 3050.733333,
    "KID": 1.139342,
    "KMF": 339.549189,
    "KRW": 988.30873,
    "KWD": 0.228965,
    "KYD": 0.61965,
    "KZT": 332.654589,
    "LAK": 15297.454661,
    "LBP": 11153.711474,
    "LKR": 232.595788,
    "LRD": 142.456347,
    "LSL": 14.114325,
    "LYD": 3.595132,
    "MAD": 7.467318,
    "MDL": 13.227194,
    "MGA": 3364.779412,
    "MKD": 42.582733,
    "MMK": 1873.064941,
    "MNT": 2536.2288,
    "MOP": 5.98836,
    "MRU": 29.405603,
    "MUR": 33.832574,
    "MVR": 11.477375,
    "MWK": 1257.805603,
    "MXN": 12.690948,
    "MYR": 3.543593,
    "MZN": 47.493912,
    "NAD": 14.114325,
    "NGN": 1081.939646,
    "NIO": 27.333584,
    "NOK": 7.812599,
    "NPR": 98.747383,
    "NZD": 1.213055,
    "OMR": 0.285905,
    "PAB": 0.743581,
    "PEN": 2.873438,
    "PGK": 2.78898,
    "PHP": 41.648983,
    "PKR": 207.496483,
    "PLN": 2.9792,
    "PYG": 5429.498545,
    "QAR": 2.706634,
    "RON": 3.434984,
    "RSD": 80.878012,
    "RUB": 67.850214,
    "RWF": 973.853988,
    "SAR": 2.788428,
    "SBD": 6.274459,
    "SCR": 10.265938,
    "SDG": 332.082729,
    "SEK": 7.745928,
    "SHP": 0.588975,
    "SLE": 16.795778,
    "SLL": 16795.748911,
    "SOS": 424.499072,
    "SRD": 27.199834,
    "SSP": 832.751943,
    "STN": 16.909554,
    "SYP": 9596.058881,
    "SZL": 14.114325,
    "THB": 26.701335,
    "TJS": 8.147276,
    "TMT": 2.602167,
    "TND": 2.327844,
    "TOP": 1.73432,
    "TRY": 22.847017,
    "TTD": 5.035884,
    "TVD": 1.139342,
    "TWD": 23.325031,
    "TZS": 1885.028414,
    "UAH": 28.169232,
    "UGX": 2867.416815,
    "USD": 0.743581,
    "UYU": 29.102009,
    "UZS": 9282.023185,
    "VES": 27.005742,
    "VND": 18116.793539,
    "VUV": 89.042256,
    "WST": 2.015277,
    "XAF": 452.732252,
    "XCD": 2.007668,
    "XDR": 0.561075,
    "XOF": 452.732252,
    "XPF": 82.36126,
    "YER": 186.031139,
    "ZAR": 14.109143,
    "ZMW": 20.034181,
    "ZWL": 8628.671912
  }
}
