﻿PolicyNumber,PolicyName,InsuranceType,PremiumBalance,StartDate,EndDate
MP01,MedicalPolicy01,Medical,100,2023-01-01,2025-12-31
MP02,MedicalPolicy02,Medical,150,2023-01-01,2026-12-31
MP03,MedicalPolicy03,Medical,200,2023-01-01,2027-12-31
PP01,PropertyPolicy01,Property,300,2023-01-01,2025-12-31
PP02,PropertyPolicy02,Property,400,2023-01-01,2026-12-31
PP03,PropertyPolicy03,Property,500,2023-01-01,2027-12-31
TP01,TravelPolicy01,Travel,30,2023-01-01,2025-12-31
TP02,TravelPolicy02,Travel,35,2023-01-01,2026-12-31
TP03,TravelPolicy03,Travel,40,2023-01-01,2027-12-31